Category,Subcategory,Code,Purpose,Instructions,Frequency_Type
Financial,Unexpected Money,520 741 8,Attract unexpected financial windfalls,"Write, recite, or visualize daily",Abundance
Financial,Steady Income,9213140,Maintain consistent revenue stream,"Integrate into daily meditation",Stability
Financial,Cash Flow,318 612 518 714,Improve business cash flow,"Focus on number while maintaining positive attitude",Flow
Financial,Job Acquisition,218 494517601,Get hired quickly,"Repeat aloud or write on paper",Opportunity
Financial,Entrepreneurship,71974131981,Support business ventures,"Visualize while concentrating on desired outcome",Growth
Financial,Increase Revenue,318 798,Boost business income,"Write on paper and carry with you",Expansion
Financial,New Customers,520 741 8,Attract new clients,"Place written number in workspace",Attraction
Financial,Business Expansion,71427321893,Scale business operations,"Daily visualization practice",Scale
Relationships,General Love,888 412 1289018,Manifest love in all relationships,"Concentrate on number with hopeful attitude",Universal Love
Relationships,Attract Partner,197 023,Draw romantic partner into life,"Write and place under pillow",Attraction
Relationships,Self-Love,396815,Develop self-compassion and acceptance,"Daily recitation with mirror work",Self-Care
Relationships,Eternal Love,888 912 818848,Deep attachment for marriage/engagement,"Visualize with partner or future partner",Commitment
Health,General Health,80845700,Overall health improvement,"Focus on while maintaining positive mindset",Vitality
Health,General Health Alt,1814321,Restore and maintain health,"Regular practice in meditation",Wellness
Health,Bioenergy,918714,Restore energy functions,"Concentrate on number sequence",Energy
Health,Weight Loss,5343168,Support weight reduction goals,"Visualize desired body while focusing",Transformation
Health,Weight Loss Alt,31 22 778,Alternative weight loss sequence,"Write and carry with you",Metabolism
Health,Vision,29 37 853,Improve eyesight,"Focus on number during eye exercises",Clarity
Health,Thyroid,86 86 694,Balance thyroid function,"Daily recitation",Balance
Health,Hair,33 48 452,Improve hair health and growth,"Visualize while touching hair",Growth
Mental,Depression,29 63 586,Alleviate depressive symptoms,"Daily practice with positive affirmations",Uplift
Mental,Anxiety,25 36 933,Reduce anxiety and stress,"Breathe deeply while reciting",Calm
Mental,Insomnia,11 21 495,Improve sleep quality,"Recite before bed",Rest
Mental,Focus,45 88 623,Enhance concentration,"Use before important tasks",Clarity
Mental,Panic Attacks,72 84 555,Prevent and manage panic,"Keep written code accessible for emergencies",Stability
Protection,General Protection,9148919,Shield from negative energy,"Regular visualization practice",Defense
Protection,Good Luck,817219738,Attract fortunate circumstances,"Carry written code",Fortune
Spiritual,Peace,1001105010,Cultivate inner peace,"Meditate on number sequence",Harmony
Business,Team Cohesion,213233530,Strengthen team collaboration,"Share practice with team or use individually",Unity
Beauty,Anti-Aging,11112,Reduce appearance of wrinkles,"Visualize youthful appearance while focusing",Youth